Segment_Label,total_customers,avg_tenure,avg_monthly_charges,churn_count,churn_rate
High Value Loyal,1269,62.97951142631994,99.50756501182033,202,0.15918045705279749
Low Value Low Spend,2247,25.502447708055186,27.195905651980418,371,0.16510903426791276
Mid Value Stable,1538,45.29323797139142,76.73475292587777,315,0.2048114434330299
New High Spend (At Risk),1989,10.61035696329814,75.77388134741076,981,0.49321266968325794
